{
  "Fatal": {
    "precision": 0.7837837837837838,
    "recall": 0.44130434782608696,
    "f1-score": 0.5646731571627259,
    "support": 460
  },
  "Non-Fatal Injury": {
    "precision": 0.9174429810472213,
    "recall": 0.9807692307692307,
    "f1-score": 0.9480497925311204,
    "support": 2912
  },
  "accuracy": 0.9071767497034401,
  "macro avg": {
    "precision": 0.8506133824155026,
    "recall": 0.7110367892976588,
    "f1-score": 0.7563614748469232,
    "support": 3372
  },
  "weighted avg": {
    "precision": 0.8992095199733241,
    "recall": 0.9071767497034401,
    "f1-score": 0.8957504887738662,
    "support": 3372
  }
}
