{"Fatal": {"precision": 0.9187192118226601, "recall": 0.8108695652173913, "f1-score": 0.8614318706697459, "support": 460}, "Non-Fatal Injury": {"precision": 0.9706675657451113, "recall": 0.9886675824175825, "f1-score": 0.9795848928206874, "support": 2912}, "accuracy": 0.9644128113879004, "macro avg": {"precision": 0.9446933887838858, "recall": 0.8997685738174869, "f1-score": 0.9205083817452167, "support": 3372}, "weighted avg": {"precision": 0.9635808982467935, "recall": 0.9644128113879004, "f1-score": 0.9634667462639162, "support": 3372}}