{
  "Fatal": {
    "precision": 0.8446601941747572,
    "recall": 0.3782608695652174,
    "f1-score": 0.5225225225225225,
    "support": 460
  },
  "Non-Fatal Injury": {
    "precision": 0.9096651926721415,
    "recall": 0.989010989010989,
    "f1-score": 0.947680157946693,
    "support": 2912
  },
  "accuracy": 0.905693950177936,
  "macro avg": {
    "precision": 0.8771626934234493,
    "recall": 0.6836359292881032,
    "f1-score": 0.7351013402346078,
    "support": 3372
  },
  "weighted avg": {
    "precision": 0.9007973696268281,
    "recall": 0.905693950177936,
    "f1-score": 0.8896811922601218,
    "support": 3372
  }
}
